level,minimum_total_lines,guideline_reference_level,reference_gravity_g,drop_interval_seconds,rows_per_second
1,0,1.000000,0.016670000,0.900000,1.111111
2,10,1.014014,0.016724221,0.898704,1.112713
3,20,1.028028,0.016778619,0.897411,1.114317
4,30,1.042042,0.016833193,0.896119,1.115924
5,40,1.056056,0.016887945,0.894829,1.117532
6,50,1.070070,0.016942875,0.893540,1.119143
7,60,1.084084,0.016997984,0.892254,1.120757
8,70,1.098098,0.017053272,0.890970,1.122373
9,80,1.112112,0.017108740,0.889687,1.123991
10,90,1.126126,0.017164388,0.888406,1.125611
11,100,1.140140,0.017220217,0.887127,1.127234
12,110,1.154154,0.017276228,0.885850,1.128859
13,120,1.168168,0.017332421,0.884575,1.130486
14,130,1.182182,0.017388797,0.883302,1.132116
15,140,1.196196,0.017445356,0.882030,1.133748
16,150,1.210210,0.017502099,0.880760,1.135383
17,160,1.224224,0.017559026,0.879492,1.137020
18,170,1.238238,0.017616139,0.878226,1.138659
19,180,1.252252,0.017673438,0.876962,1.140300
20,190,1.266266,0.017730923,0.875699,1.141944
21,200,1.280280,0.017788595,0.874439,1.143591
22,210,1.294294,0.017846454,0.873180,1.145239
23,220,1.308308,0.017904502,0.871923,1.146890
24,230,1.322322,0.017962738,0.870668,1.148544
25,240,1.336336,0.018021164,0.869414,1.150200
26,250,1.350350,0.018079780,0.868163,1.151858
27,260,1.364364,0.018138587,0.866913,1.153518
28,270,1.378378,0.018197585,0.865665,1.155181
29,280,1.392392,0.018256775,0.864419,1.156847
30,290,1.406406,0.018316157,0.863174,1.158515
31,300,1.420420,0.018375733,0.861932,1.160185
32,310,1.434434,0.018435502,0.860691,1.161857
33,320,1.448448,0.018495465,0.859452,1.163532
34,330,1.462462,0.018555624,0.858215,1.165210
35,340,1.476476,0.018615979,0.856979,1.166890
36,350,1.490490,0.018676529,0.855745,1.168572
37,360,1.504505,0.018737277,0.854513,1.170257
38,370,1.518519,0.018798222,0.853283,1.171944
39,380,1.532533,0.018859366,0.852055,1.173633
40,390,1.546547,0.018920708,0.850828,1.175325
41,400,1.560561,0.018982250,0.849603,1.177020
42,410,1.574575,0.019043992,0.848380,1.178717
43,420,1.588589,0.019105935,0.847159,1.180416
44,430,1.602603,0.019168079,0.845940,1.182118
45,440,1.616617,0.019230425,0.844722,1.183822
46,450,1.630631,0.019292975,0.843506,1.185528
47,460,1.644645,0.019355727,0.842291,1.187238
48,470,1.658659,0.019418684,0.841079,1.188949
49,480,1.672673,0.019481846,0.839868,1.190663
50,490,1.686687,0.019545213,0.838659,1.192380
51,500,1.700701,0.019608786,0.837452,1.194099
52,510,1.714715,0.019672566,0.836246,1.195820
53,520,1.728729,0.019736553,0.835042,1.197544
54,530,1.742743,0.019800749,0.833840,1.199271
55,540,1.756757,0.019865153,0.832640,1.201000
56,550,1.770771,0.019929767,0.831441,1.202731
57,560,1.784785,0.019994591,0.830244,1.204465
58,570,1.798799,0.020059625,0.829049,1.206201
59,580,1.812813,0.020124872,0.827855,1.207940
60,590,1.826827,0.020190330,0.826664,1.209682
61,600,1.840841,0.020256002,0.825474,1.211426
62,610,1.854855,0.020321887,0.824285,1.213172
63,620,1.868869,0.020387986,0.823099,1.214921
64,630,1.882883,0.020454300,0.821914,1.216673
65,640,1.896897,0.020520830,0.820730,1.218427
66,650,1.910911,0.020587577,0.819549,1.220183
67,660,1.924925,0.020654540,0.818369,1.221942
68,670,1.938939,0.020721722,0.817191,1.223704
69,680,1.952953,0.020789122,0.816015,1.225468
70,690,1.966967,0.020856741,0.814840,1.227235
71,700,1.980981,0.020924580,0.813667,1.229004
72,710,1.994995,0.020992639,0.812496,1.230776
73,720,2.009009,0.021064323,0.811268,1.232639
74,730,2.023023,0.021138149,0.810010,1.234553
75,740,2.037037,0.021212233,0.808753,1.236471
76,750,2.051051,0.021286577,0.807499,1.238392
77,760,2.065065,0.021361181,0.806247,1.240315
78,770,2.079079,0.021436047,0.804996,1.242242
79,780,2.093093,0.021511176,0.803748,1.244171
80,790,2.107107,0.021586568,0.802501,1.246104
81,800,2.121121,0.021662223,0.801257,1.248040
82,810,2.135135,0.021738144,0.800014,1.249978
83,820,2.149149,0.021814332,0.798773,1.251920
84,830,2.163163,0.021890786,0.797534,1.253865
85,840,2.177177,0.021967508,0.796297,1.255812
86,850,2.191191,0.022044499,0.795062,1.257763
87,860,2.205205,0.022121760,0.793829,1.259717
88,870,2.219219,0.022199291,0.792598,1.261673
89,880,2.233233,0.022277095,0.791369,1.263633
90,890,2.247247,0.022355171,0.790142,1.265596
91,900,2.261261,0.022433521,0.788916,1.267562
92,910,2.275275,0.022512145,0.787693,1.269531
93,920,2.289289,0.022591045,0.786471,1.271503
94,930,2.303303,0.022670221,0.785251,1.273478
95,940,2.317317,0.022749675,0.784033,1.275456
96,950,2.331331,0.022829407,0.782817,1.277437
97,960,2.345345,0.022909419,0.781603,1.279421
98,970,2.359359,0.022989711,0.780391,1.281409
99,980,2.373373,0.023070285,0.779181,1.283399
100,990,2.387387,0.023151141,0.777972,1.285393
101,1000,2.401401,0.023232280,0.776766,1.287389
102,1010,2.415415,0.023313704,0.775561,1.289389
103,1020,2.429429,0.023395413,0.774358,1.291392
104,1030,2.443443,0.023477409,0.773157,1.293398
105,1040,2.457457,0.023559692,0.771958,1.295407
106,1050,2.471471,0.023642263,0.770761,1.297419
107,1060,2.485485,0.023725124,0.769566,1.299434
108,1070,2.499499,0.023808275,0.768372,1.301453
109,1080,2.513514,0.023891717,0.767181,1.303474
110,1090,2.527528,0.023975452,0.765991,1.305499
111,1100,2.541542,0.024059480,0.764803,1.307527
112,1110,2.555556,0.024143803,0.763617,1.309558
113,1120,2.569570,0.024228422,0.762432,1.311592
114,1130,2.583584,0.024313337,0.761250,1.313629
115,1140,2.597598,0.024398549,0.760069,1.315670
116,1150,2.611612,0.024484061,0.758890,1.317713
117,1160,2.625626,0.024569872,0.757713,1.319760
118,1170,2.639640,0.024655983,0.756538,1.321810
119,1180,2.653654,0.024742397,0.755365,1.323863
120,1190,2.667668,0.024829113,0.754193,1.325920
121,1200,2.681682,0.024916133,0.753024,1.327979
122,1210,2.695696,0.025003459,0.751856,1.330042
123,1220,2.709710,0.025091090,0.750690,1.332108
124,1230,2.723724,0.025179028,0.749526,1.334177
125,1240,2.737738,0.025267275,0.748363,1.336250
126,1250,2.751752,0.025355831,0.747203,1.338325
127,1260,2.765766,0.025444697,0.746044,1.340404
128,1270,2.779780,0.025533875,0.744887,1.342486
129,1280,2.793794,0.025623365,0.743731,1.344571
130,1290,2.807808,0.025713169,0.742578,1.346660
131,1300,2.821822,0.025803288,0.741426,1.348752
132,1310,2.835836,0.025893723,0.740276,1.350847
133,1320,2.849850,0.025984474,0.739128,1.352945
134,1330,2.863864,0.026075544,0.737982,1.355047
135,1340,2.877878,0.026166932,0.736837,1.357151
136,1350,2.891892,0.026258642,0.735695,1.359260
137,1360,2.905906,0.026350672,0.734554,1.361371
138,1370,2.919920,0.026443025,0.733414,1.363486
139,1380,2.933934,0.026535702,0.732277,1.365603
140,1390,2.947948,0.026628703,0.731141,1.367725
141,1400,2.961962,0.026722031,0.730007,1.369849
142,1410,2.975976,0.026815685,0.728875,1.371977
143,1420,2.989990,0.026909668,0.727745,1.374108
144,1430,3.004004,0.027005926,0.726593,1.376287
145,1440,3.018018,0.027107412,0.725385,1.378579
146,1450,3.032032,0.027209279,0.724179,1.380874
147,1460,3.046046,0.027311529,0.722975,1.383174
148,1470,3.060060,0.027414163,0.721773,1.385478
149,1480,3.074074,0.027517183,0.720573,1.387785
150,1490,3.088088,0.027620590,0.719375,1.390096
151,1500,3.102102,0.027724386,0.718179,1.392411
152,1510,3.116116,0.027828572,0.716985,1.394730
153,1520,3.130130,0.027933149,0.715792,1.397053
154,1530,3.144144,0.028038119,0.714602,1.399380
155,1540,3.158158,0.028143484,0.713414,1.401710
156,1550,3.172172,0.028249245,0.712228,1.404045
157,1560,3.186186,0.028355403,0.711044,1.406383
158,1570,3.200200,0.028461960,0.709862,1.408725
159,1580,3.214214,0.028568917,0.708682,1.411071
160,1590,3.228228,0.028676277,0.707503,1.413421
161,1600,3.242242,0.028784039,0.706327,1.415775
162,1610,3.256256,0.028892207,0.705153,1.418133
163,1620,3.270270,0.029000782,0.703980,1.420495
164,1630,3.284284,0.029109764,0.702810,1.422860
165,1640,3.298298,0.029219156,0.701641,1.425230
166,1650,3.312312,0.029328959,0.700475,1.427603
167,1660,3.326326,0.029439174,0.699310,1.429981
168,1670,3.340340,0.029549804,0.698147,1.432362
169,1680,3.354354,0.029660849,0.696987,1.434748
170,1690,3.368368,0.029772312,0.695828,1.437137
171,1700,3.382382,0.029884194,0.694671,1.439531
172,1710,3.396396,0.029996496,0.693516,1.441928
173,1720,3.410410,0.030109220,0.692363,1.444329
174,1730,3.424424,0.030222368,0.691212,1.446735
175,1740,3.438438,0.030335941,0.690062,1.449144
176,1750,3.452452,0.030449940,0.688915,1.451558
177,1760,3.466466,0.030564369,0.687770,1.453975
178,1770,3.480480,0.030679227,0.686626,1.456396
179,1780,3.494494,0.030794516,0.685485,1.458822
180,1790,3.508509,0.030910239,0.684345,1.461251
181,1800,3.522523,0.031026397,0.683207,1.463685
182,1810,3.536537,0.031142992,0.682071,1.466122
183,1820,3.550551,0.031260024,0.680937,1.468564
184,1830,3.564565,0.031377497,0.679805,1.471010
185,1840,3.578579,0.031495410,0.678675,1.473460
186,1850,3.592593,0.031613767,0.677546,1.475914
187,1860,3.606607,0.031732569,0.676420,1.478372
188,1870,3.620621,0.031851817,0.675295,1.480834
189,1880,3.634635,0.031971513,0.674173,1.483300
190,1890,3.648649,0.032091659,0.673052,1.485770
191,1900,3.662663,0.032212257,0.671933,1.488244
192,1910,3.676677,0.032333308,0.670815,1.490723
193,1920,3.690691,0.032454813,0.669700,1.493206
194,1930,3.704705,0.032576775,0.668587,1.495692
195,1940,3.718719,0.032699196,0.667475,1.498183
196,1950,3.732733,0.032822077,0.666365,1.500678
197,1960,3.746747,0.032945419,0.665257,1.503178
198,1970,3.760761,0.033069225,0.664151,1.505681
199,1980,3.774775,0.033193496,0.663047,1.508188
200,1990,3.788789,0.033318234,0.661945,1.510700
201,2000,3.802803,0.033443441,0.660844,1.513216
202,2010,3.816817,0.033569118,0.659745,1.515736
203,2020,3.830831,0.033695268,0.658649,1.518260
204,2030,3.844845,0.033821892,0.657553,1.520789
205,2040,3.858859,0.033948992,0.656460,1.523322
206,2050,3.872873,0.034076569,0.655369,1.525859
207,2060,3.886887,0.034204625,0.654279,1.528400
208,2070,3.900901,0.034333163,0.653191,1.530945
209,2080,3.914915,0.034462184,0.652105,1.533495
210,2090,3.928929,0.034591690,0.651021,1.536049
211,2100,3.942943,0.034721682,0.649939,1.538607
212,2110,3.956957,0.034852163,0.648858,1.541169
213,2120,3.970971,0.034983135,0.647779,1.543736
214,2130,3.984985,0.035114598,0.646702,1.546307
215,2140,3.998999,0.035246556,0.645627,1.548882
216,2150,4.013013,0.035387467,0.644485,1.551626
217,2160,4.027027,0.035529596,0.643340,1.554388
218,2170,4.041041,0.035672295,0.642197,1.557154
219,2180,4.055055,0.035815568,0.641056,1.559925
220,2190,4.069069,0.035959416,0.639917,1.562702
221,2200,4.083083,0.036103841,0.638780,1.565483
222,2210,4.097097,0.036248847,0.637646,1.568269
223,2220,4.111111,0.036394435,0.636513,1.571061
224,2230,4.125125,0.036540608,0.635382,1.573857
225,2240,4.139139,0.036687368,0.634253,1.576658
226,2250,4.153153,0.036834717,0.633126,1.579464
227,2260,4.167167,0.036982659,0.632001,1.582275
228,2270,4.181181,0.037131194,0.630879,1.585091
229,2280,4.195195,0.037280326,0.629758,1.587912
230,2290,4.209209,0.037430057,0.628639,1.590739
231,2300,4.223223,0.037580389,0.627522,1.593570
232,2310,4.237237,0.037731325,0.626407,1.596406
233,2320,4.251251,0.037882867,0.625294,1.599247
234,2330,4.265265,0.038035018,0.624183,1.602094
235,2340,4.279279,0.038187780,0.623074,1.604945
236,2350,4.293293,0.038341156,0.621967,1.607801
237,2360,4.307307,0.038495148,0.620862,1.610663
238,2370,4.321321,0.038649758,0.619759,1.613530
239,2380,4.335335,0.038804989,0.618658,1.616401
240,2390,4.349349,0.038960843,0.617559,1.619278
241,2400,4.363363,0.039117324,0.616462,1.622160
242,2410,4.377377,0.039274432,0.615367,1.625047
243,2420,4.391391,0.039432172,0.614273,1.627940
244,2430,4.405405,0.039590546,0.613182,1.630837
245,2440,4.419419,0.039749555,0.612093,1.633740
246,2450,4.433433,0.039909204,0.611005,1.636647
247,2460,4.447447,0.040069493,0.609920,1.639560
248,2470,4.461461,0.040230426,0.608836,1.642478
249,2480,4.475475,0.040392006,0.607754,1.645402
250,2490,4.489489,0.040554234,0.606675,1.648330
251,2500,4.503504,0.040717114,0.605597,1.651264
252,2510,4.517518,0.040880649,0.604521,1.654203
253,2520,4.531532,0.041044840,0.603447,1.657147
254,2530,4.545546,0.041209690,0.602375,1.660096
255,2540,4.559560,0.041375203,0.601305,1.663051
256,2550,4.573574,0.041541380,0.600236,1.666011
257,2560,4.587588,0.041708225,0.599170,1.668976
258,2570,4.601602,0.041875740,0.598105,1.671946
259,2580,4.615616,0.042043928,0.597043,1.674922
260,2590,4.629630,0.042212791,0.595982,1.677903
261,2600,4.643644,0.042382332,0.594923,1.680889
262,2610,4.657658,0.042552555,0.593866,1.683881
263,2620,4.671672,0.042723461,0.592811,1.686878
264,2630,4.685686,0.042895053,0.591758,1.689880
265,2640,4.699700,0.043067335,0.590707,1.692888
266,2650,4.713714,0.043240308,0.589657,1.695901
267,2660,4.727728,0.043413977,0.588609,1.698919
268,2670,4.741742,0.043588342,0.587564,1.701943
269,2680,4.755756,0.043763409,0.586520,1.704972
270,2690,4.769770,0.043939178,0.585478,1.708007
271,2700,4.783784,0.044115653,0.584438,1.711047
272,2710,4.797798,0.044292837,0.583399,1.714092
273,2720,4.811812,0.044470733,0.582363,1.717143
274,2730,4.825826,0.044649343,0.581328,1.720199
275,2740,4.839840,0.044828670,0.580295,1.723260
276,2750,4.853854,0.045008718,0.579264,1.726327
277,2760,4.867868,0.045189489,0.578235,1.729400
278,2770,4.881882,0.045370986,0.577208,1.732478
279,2780,4.895896,0.045553212,0.576182,1.735561
280,2790,4.909910,0.045736169,0.575159,1.738650
281,2800,4.923924,0.045919862,0.574137,1.741745
282,2810,4.937938,0.046104292,0.573117,1.744845
283,2820,4.951952,0.046289463,0.572099,1.747950
284,2830,4.965966,0.046475378,0.571082,1.751061
285,2840,4.979980,0.046662040,0.570068,1.754178
286,2850,4.993994,0.046849451,0.569055,1.757300
287,2860,5.008008,0.047044430,0.568007,1.760541
288,2870,5.022022,0.047245354,0.566934,1.763872
289,2880,5.036036,0.047447137,0.565864,1.767210
290,2890,5.050050,0.047649781,0.564795,1.770555
291,2900,5.064064,0.047853290,0.563728,1.773906
292,2910,5.078078,0.048057669,0.562663,1.777263
293,2920,5.092092,0.048262921,0.561600,1.780626
294,2930,5.106106,0.048469049,0.560539,1.783996
295,2940,5.120120,0.048676058,0.559481,1.787372
296,2950,5.134134,0.048883951,0.558424,1.790755
297,2960,5.148148,0.049092732,0.557369,1.794144
298,2970,5.162162,0.049302404,0.556316,1.797539
299,2980,5.176176,0.049512972,0.555265,1.800941
300,2990,5.190190,0.049724439,0.554216,1.804349
301,3000,5.204204,0.049936810,0.553170,1.807764
302,3010,5.218218,0.050150087,0.552125,1.811185
303,3020,5.232232,0.050364275,0.551082,1.814613
304,3030,5.246246,0.050579378,0.550041,1.818047
305,3040,5.260260,0.050795400,0.549002,1.821487
306,3050,5.274274,0.051012345,0.547965,1.824935
307,3060,5.288288,0.051230216,0.546930,1.828388
308,3070,5.302302,0.051449017,0.545897,1.831848
309,3080,5.316316,0.051668753,0.544866,1.835315
310,3090,5.330330,0.051889428,0.543836,1.838788
311,3100,5.344344,0.052111045,0.542809,1.842268
312,3110,5.358358,0.052333608,0.541784,1.845755
313,3120,5.372372,0.052557122,0.540760,1.849248
314,3130,5.386386,0.052781591,0.539739,1.852747
315,3140,5.400400,0.053007018,0.538719,1.856254
316,3150,5.414414,0.053233408,0.537702,1.859767
317,3160,5.428428,0.053460765,0.536686,1.863286
318,3170,5.442442,0.053689093,0.535672,1.866813
319,3180,5.456456,0.053918397,0.534661,1.870345
320,3190,5.470470,0.054148679,0.533651,1.873885
321,3200,5.484484,0.054379945,0.532643,1.877431
322,3210,5.498498,0.054612199,0.531637,1.880984
323,3220,5.512513,0.054845445,0.530632,1.884544
324,3230,5.526527,0.055079687,0.529630,1.888111
325,3240,5.540541,0.055314929,0.528630,1.891684
326,3250,5.554555,0.055551176,0.527631,1.895264
327,3260,5.568569,0.055788432,0.526634,1.898850
328,3270,5.582583,0.056026702,0.525640,1.902444
329,3280,5.596597,0.056265989,0.524647,1.906044
330,3290,5.610611,0.056506298,0.523656,1.909652
331,3300,5.624625,0.056747633,0.522667,1.913266
332,3310,5.638639,0.056989999,0.521679,1.916886
333,3320,5.652653,0.057233400,0.520694,1.920514
334,3330,5.666667,0.057477841,0.519710,1.924149
335,3340,5.680681,0.057723326,0.518729,1.927790
336,3350,5.694695,0.057969859,0.517749,1.931438
337,3360,5.708709,0.058217445,0.516771,1.935093
338,3370,5.722723,0.058466089,0.515795,1.938756
339,3380,5.736737,0.058715795,0.514820,1.942425
340,3390,5.750751,0.058966567,0.513848,1.946101
341,3400,5.764765,0.059218410,0.512877,1.949784
342,3410,5.778779,0.059471328,0.511909,1.953474
343,3420,5.792793,0.059725327,0.510942,1.957170
344,3430,5.806807,0.059980411,0.509977,1.960874
345,3440,5.820821,0.060236584,0.509013,1.964585
346,3450,5.834835,0.060493851,0.508052,1.968303
347,3460,5.848849,0.060752217,0.507092,1.972028
348,3470,5.862863,0.061011686,0.506134,1.975760
349,3480,5.876877,0.061272264,0.505178,1.979499
350,3490,5.890891,0.061533955,0.504224,1.983246
351,3500,5.904905,0.061796763,0.503272,1.986999
352,3510,5.918919,0.062060694,0.502321,1.990759
353,3520,5.932933,0.062325751,0.501372,1.994527
354,3530,5.946947,0.062591941,0.500425,1.998301
355,3540,5.960961,0.062859268,0.499480,2.002083
356,3550,5.974975,0.063127737,0.498536,2.005872
357,3560,5.988989,0.063397352,0.497595,2.009668
358,3570,6.003003,0.063671812,0.496642,2.013523
359,3580,6.017017,0.063961062,0.495644,2.017576
360,3590,6.031031,0.064251626,0.494649,2.021637
361,3600,6.045045,0.064543510,0.493655,2.025706
362,3610,6.059059,0.064836720,0.492663,2.029783
363,3620,6.073073,0.065131262,0.491674,2.033869
364,3630,6.087087,0.065427142,0.490686,2.037963
365,3640,6.101101,0.065724366,0.489700,2.042065
366,3650,6.115115,0.066022941,0.488717,2.046175
367,3660,6.129129,0.066322872,0.487735,2.050294
368,3670,6.143143,0.066624165,0.486755,2.054420
369,3680,6.157157,0.066926827,0.485778,2.058556
370,3690,6.171171,0.067230864,0.484802,2.062699
371,3700,6.185185,0.067536282,0.483828,2.066851
372,3710,6.199199,0.067843088,0.482856,2.071011
373,3720,6.213213,0.068151288,0.481886,2.075180
374,3730,6.227227,0.068460887,0.480918,2.079356
375,3740,6.241241,0.068771893,0.479952,2.083542
376,3750,6.255255,0.069084312,0.478988,2.087736
377,3760,6.269269,0.069398150,0.478026,2.091938
378,3770,6.283283,0.069713414,0.477065,2.096148
379,3780,6.297297,0.070030110,0.476107,2.100368
380,3790,6.311311,0.070348245,0.475151,2.104595
381,3800,6.325325,0.070667825,0.474196,2.108831
382,3810,6.339339,0.070988856,0.473244,2.113076
383,3820,6.353353,0.071311347,0.472293,2.117329
384,3830,6.367367,0.071635302,0.471344,2.121591
385,3840,6.381381,0.071960729,0.470398,2.125861
386,3850,6.395395,0.072287634,0.469453,2.130140
387,3860,6.409409,0.072616024,0.468510,2.134428
388,3870,6.423423,0.072945906,0.467569,2.138724
389,3880,6.437437,0.073277287,0.466629,2.143029
390,3890,6.451451,0.073610173,0.465692,2.147342
391,3900,6.465465,0.073944571,0.464756,2.151665
392,3910,6.479479,0.074280489,0.463823,2.155995
393,3920,6.493493,0.074617932,0.462891,2.160335
394,3930,6.507508,0.074956908,0.461961,2.164683
395,3940,6.521522,0.075297425,0.461033,2.169040
396,3950,6.535536,0.075639488,0.460107,2.173406
397,3960,6.549550,0.075983105,0.459183,2.177781
398,3970,6.563564,0.076328283,0.458261,2.182164
399,3980,6.577578,0.076675030,0.457340,2.186557
400,3990,6.591592,0.077023351,0.456421,2.190958
401,4000,6.605606,0.077373255,0.455505,2.195368
402,4010,6.619620,0.077724748,0.454590,2.199787
403,4020,6.633634,0.078077838,0.453676,2.204214
404,4030,6.647648,0.078432532,0.452765,2.208651
405,4040,6.661662,0.078788838,0.451856,2.213097
406,4050,6.675676,0.079146762,0.450948,2.217551
407,4060,6.689690,0.079506312,0.450042,2.222015
408,4070,6.703704,0.079867496,0.449138,2.226487
409,4080,6.717718,0.080230320,0.448236,2.230968
410,4090,6.731732,0.080594792,0.447335,2.235459
411,4100,6.745746,0.080960921,0.446437,2.239959
412,4110,6.759760,0.081328712,0.445540,2.244467
413,4120,6.773774,0.081698174,0.444645,2.248985
414,4130,6.787788,0.082069315,0.443752,2.253512
415,4140,6.801802,0.082442142,0.442860,2.258047
416,4150,6.815816,0.082816662,0.441971,2.262592
417,4160,6.829830,0.083192884,0.441083,2.267147
418,4170,6.843844,0.083570815,0.440197,2.271710
419,4180,6.857858,0.083950463,0.439313,2.276282
420,4190,6.871872,0.084331835,0.438430,2.280864
421,4200,6.885886,0.084714940,0.437550,2.285455
422,4210,6.899900,0.085099786,0.436671,2.290055
423,4220,6.913914,0.085486379,0.435794,2.294665
424,4230,6.927928,0.085874729,0.434918,2.299283
425,4240,6.941942,0.086264843,0.434044,2.303911
426,4250,6.955956,0.086656730,0.433173,2.308549
427,4260,6.969970,0.087050396,0.432302,2.313195
428,4270,6.983984,0.087445851,0.431434,2.317851
429,4280,6.997998,0.087843103,0.430567,2.322517
430,4290,7.012012,0.088260627,0.429663,2.327408
431,4300,7.026026,0.088683229,0.428753,2.332345
432,4310,7.040040,0.089107854,0.427845,2.337293
433,4320,7.054054,0.089534513,0.426940,2.342251
434,4330,7.068068,0.089963214,0.426036,2.347219
435,4340,7.082082,0.090393968,0.425134,2.352199
436,4350,7.096096,0.090826785,0.424234,2.357188
437,4360,7.110110,0.091261674,0.423336,2.362189
438,4370,7.124124,0.091698645,0.422440,2.367200
439,4380,7.138138,0.092137709,0.421546,2.372222
440,4390,7.152152,0.092578874,0.420653,2.377254
441,4400,7.166166,0.093022153,0.419763,2.382297
442,4410,7.180180,0.093467553,0.418874,2.387350
443,4420,7.194194,0.093915087,0.417988,2.392415
444,4430,7.208208,0.094364763,0.417103,2.397490
445,4440,7.222222,0.094816592,0.416220,2.402576
446,4450,7.236236,0.095270584,0.415339,2.407672
447,4460,7.250250,0.095726751,0.414460,2.412780
448,4470,7.264264,0.096185101,0.413582,2.417898
449,4480,7.278278,0.096645647,0.412707,2.423027
450,4490,7.292292,0.097108397,0.411833,2.428168
451,4500,7.306306,0.097573363,0.410961,2.433319
452,4510,7.320320,0.098040555,0.410091,2.438480
453,4520,7.334334,0.098509985,0.409223,2.443653
454,4530,7.348348,0.098981662,0.408357,2.448837
455,4540,7.362362,0.099455597,0.407493,2.454032
456,4550,7.376376,0.099931802,0.406630,2.459238
457,4560,7.390390,0.100410287,0.405769,2.464455
458,4570,7.404404,0.100891062,0.404910,2.469683
459,4580,7.418418,0.101374140,0.404053,2.474922
460,4590,7.432432,0.101859531,0.403198,2.480172
461,4600,7.446446,0.102347246,0.402344,2.485433
462,4610,7.460460,0.102837296,0.401493,2.490705
463,4620,7.474474,0.103329693,0.400643,2.495989
464,4630,7.488488,0.103824447,0.399795,2.501284
465,4640,7.502503,0.104321571,0.398948,2.506590
466,4650,7.516517,0.104821074,0.398104,2.511907
467,4660,7.530531,0.105322969,0.397261,2.517236
468,4670,7.544545,0.105827268,0.396420,2.522576
469,4680,7.558559,0.106333981,0.395581,2.527927
470,4690,7.572573,0.106843120,0.394744,2.533290
471,4700,7.586587,0.107354697,0.393908,2.538664
472,4710,7.600601,0.107868723,0.393074,2.544049
473,4720,7.614615,0.108385211,0.392242,2.549446
474,4730,7.628629,0.108904172,0.391412,2.554854
475,4740,7.642643,0.109425617,0.390583,2.560274
476,4750,7.656657,0.109949560,0.389756,2.565705
477,4760,7.670671,0.110476011,0.388931,2.571148
478,4770,7.684685,0.111004982,0.388108,2.576602
479,4780,7.698699,0.111536487,0.387286,2.582068
480,4790,7.712713,0.112070536,0.386467,2.587545
481,4800,7.726727,0.112607143,0.385649,2.593034
482,4810,7.740741,0.113146318,0.384832,2.598535
483,4820,7.754755,0.113688076,0.384018,2.604047
484,4830,7.768769,0.114232427,0.383205,2.609571
485,4840,7.782783,0.114779385,0.382393,2.615107
486,4850,7.796797,0.115328962,0.381584,2.620655
487,4860,7.810811,0.115881170,0.380776,2.626214
488,4870,7.824825,0.116436022,0.379970,2.631785
489,4880,7.838839,0.116993531,0.379166,2.637368
490,4890,7.852853,0.117553709,0.378363,2.642963
491,4900,7.866867,0.118116570,0.377562,2.648569
492,4910,7.880881,0.118682126,0.376763,2.654188
493,4920,7.894895,0.119250389,0.375966,2.659818
494,4930,7.908909,0.119821373,0.375170,2.665461
495,4940,7.922923,0.120395092,0.374375,2.671115
496,4950,7.936937,0.120971557,0.373583,2.676781
497,4960,7.950951,0.121550783,0.372792,2.682460
498,4970,7.964965,0.122132782,0.372003,2.688150
499,4980,7.978979,0.122717567,0.371216,2.693853
500,4990,7.992993,0.123305153,0.370430,2.699567
501,5000,8.007007,0.123913844,0.369621,2.705471
502,5010,8.021021,0.124543926,0.368791,2.711566
503,5020,8.035035,0.125177212,0.367962,2.717674
504,5030,8.049049,0.125813717,0.367135,2.723796
505,5040,8.063063,0.126453460,0.366310,2.729931
506,5050,8.077077,0.127096455,0.365486,2.736081
507,5060,8.091091,0.127742720,0.364665,2.742244
508,5070,8.105105,0.128392271,0.363845,2.748421
509,5080,8.119119,0.129045124,0.363027,2.754612
510,5090,8.133133,0.129701298,0.362212,2.760817
511,5100,8.147147,0.130360808,0.361397,2.767037
512,5110,8.161161,0.131023671,0.360585,2.773270
513,5120,8.175175,0.131689905,0.359775,2.779517
514,5130,8.189189,0.132359527,0.358966,2.785778
515,5140,8.203203,0.133032553,0.358159,2.792053
516,5150,8.217217,0.133709002,0.357354,2.798343
517,5160,8.231231,0.134388891,0.356551,2.804646
518,5170,8.245245,0.135072236,0.355750,2.810964
519,5180,8.259259,0.135759057,0.354950,2.817296
520,5190,8.273273,0.136449369,0.354153,2.823642
521,5200,8.287287,0.137143192,0.353357,2.830003
522,5210,8.301301,0.137840543,0.352562,2.836378
523,5220,8.315315,0.138541440,0.351770,2.842767
524,5230,8.329329,0.139245900,0.350979,2.849171
525,5240,8.343343,0.139953943,0.350190,2.855589
526,5250,8.357357,0.140665586,0.349403,2.862021
527,5260,8.371371,0.141380848,0.348618,2.868468
528,5270,8.385385,0.142099746,0.347835,2.874930
529,5280,8.399399,0.142822300,0.347053,2.881406
530,5290,8.413413,0.143548528,0.346273,2.887897
531,5300,8.427427,0.144278449,0.345495,2.894402
532,5310,8.441441,0.145012082,0.344718,2.900922
533,5320,8.455455,0.145749444,0.343943,2.907457
534,5330,8.469469,0.146490556,0.343170,2.914006
535,5340,8.483483,0.147235437,0.342399,2.920570
536,5350,8.497497,0.147984105,0.341629,2.927149
537,5360,8.511512,0.148736580,0.340862,2.933743
538,5370,8.525526,0.149492882,0.340095,2.940351
539,5380,8.539540,0.150253029,0.339331,2.946975
540,5390,8.553554,0.151017041,0.338568,2.953613
541,5400,8.567568,0.151784938,0.337807,2.960267
542,5410,8.581582,0.152556739,0.337048,2.966935
543,5420,8.595596,0.153332466,0.336291,2.973618
544,5430,8.609610,0.154112136,0.335535,2.980317
545,5440,8.623624,0.154895771,0.334781,2.987030
546,5450,8.637638,0.155683391,0.334028,2.993759
547,5460,8.651652,0.156475016,0.333277,3.000503
548,5470,8.665666,0.157270666,0.332528,3.007262
549,5480,8.679680,0.158070361,0.331781,3.014036
550,5490,8.693694,0.158874123,0.331035,3.020825
551,5500,8.707708,0.159681972,0.330291,3.027630
552,5510,8.721722,0.160493929,0.329549,3.034450
553,5520,8.735736,0.161310015,0.328808,3.041286
554,5530,8.749750,0.162130250,0.328069,3.048137
555,5540,8.763764,0.162954656,0.327332,3.055003
556,5550,8.777778,0.163783253,0.326596,3.061885
557,5560,8.791792,0.164616065,0.325862,3.068782
558,5570,8.805806,0.165453110,0.325130,3.075695
559,5580,8.819820,0.166294412,0.324399,3.082623
560,5590,8.833834,0.167139992,0.323670,3.089567
561,5600,8.847848,0.167989872,0.322942,3.096527
562,5610,8.861862,0.168844073,0.322217,3.103502
563,5620,8.875876,0.169702618,0.321492,3.110493
564,5630,8.889890,0.170565528,0.320770,3.117500
565,5640,8.903904,0.171432826,0.320049,3.124522
566,5650,8.917918,0.172304534,0.319330,3.131560
567,5660,8.931932,0.173180674,0.318612,3.138615
568,5670,8.945946,0.174061270,0.317896,3.145685
569,5680,8.959960,0.174946343,0.317181,3.152771
570,5690,8.973974,0.175835917,0.316468,3.159873
571,5700,8.987988,0.176730014,0.315757,3.166991
572,5710,9.002002,0.177635421,0.315042,3.174178
573,5720,9.016016,0.178586267,0.314297,3.181705
574,5730,9.030030,0.179542203,0.313553,3.189249
575,5740,9.044044,0.180503255,0.312812,3.196811
576,5750,9.058058,0.181469452,0.312072,3.204391
577,5760,9.072072,0.182440821,0.311334,3.211989
578,5770,9.086086,0.183417389,0.310597,3.219605
579,5780,9.100100,0.184399185,0.309862,3.227240
580,5790,9.114114,0.185386236,0.309129,3.234892
581,5800,9.128128,0.186378570,0.308398,3.242562
582,5810,9.142142,0.187376217,0.307669,3.250251
583,5820,9.156156,0.188379203,0.306941,3.257958
584,5830,9.170170,0.189387558,0.306215,3.265683
585,5840,9.184184,0.190401311,0.305490,3.273426
586,5850,9.198198,0.191420490,0.304768,3.281188
587,5860,9.212212,0.192445125,0.304047,3.288968
588,5870,9.226226,0.193475244,0.303327,3.296767
589,5880,9.240240,0.194510877,0.302610,3.304584
590,5890,9.254254,0.195552054,0.301894,3.312420
591,5900,9.268268,0.196598804,0.301180,3.320274
592,5910,9.282282,0.197651157,0.300468,3.328147
593,5920,9.296296,0.198709143,0.299757,3.336038
594,5930,9.310310,0.199772792,0.299048,3.343948
595,5940,9.324324,0.200842135,0.298340,3.351877
596,5950,9.338338,0.201917202,0.297635,3.359825
597,5960,9.352352,0.202998023,0.296930,3.367792
598,5970,9.366366,0.204084630,0.296228,3.375777
599,5980,9.380380,0.205177053,0.295527,3.383782
600,5990,9.394394,0.206275324,0.294828,3.391805
601,6000,9.408408,0.207379473,0.294131,3.399848
602,6010,9.422422,0.208489533,0.293435,3.407909
603,6020,9.436436,0.209605535,0.292741,3.415990
604,6030,9.450450,0.210727510,0.292048,3.424090
605,6040,9.464464,0.211855491,0.291358,3.432209
606,6050,9.478478,0.212989510,0.290668,3.440347
607,6060,9.492492,0.214129599,0.289981,3.448505
608,6070,9.506507,0.215275791,0.289295,3.456681
609,6080,9.520521,0.216428118,0.288610,3.464878
610,6090,9.534535,0.217586613,0.287928,3.473094
611,6100,9.548549,0.218751310,0.287247,3.481329
612,6110,9.562563,0.219922241,0.286567,3.489583
613,6120,9.576577,0.221099439,0.285889,3.497858
614,6130,9.590591,0.222282939,0.285213,3.506152
615,6140,9.604605,0.223472774,0.284538,3.514465
616,6150,9.618619,0.224668978,0.283865,3.522799
617,6160,9.632633,0.225871585,0.283194,3.531152
618,6170,9.646647,0.227080629,0.282524,3.539525
619,6180,9.660661,0.228296145,0.281855,3.547917
620,6190,9.674675,0.229518168,0.281189,3.556330
621,6200,9.688689,0.230746731,0.280524,3.564762
622,6210,9.702703,0.231981871,0.279860,3.573215
623,6220,9.716717,0.233223623,0.279198,3.581688
624,6230,9.730731,0.234472021,0.278538,3.590180
625,6240,9.744745,0.235727101,0.277879,3.598693
626,6250,9.758759,0.236988900,0.277221,3.607226
627,6260,9.772773,0.238257453,0.276566,3.615780
628,6270,9.786787,0.239532796,0.275911,3.624353
629,6280,9.800801,0.240814966,0.275259,3.632947
630,6290,9.814815,0.242103999,0.274607,3.641561
631,6300,9.828829,0.243399932,0.273958,3.650196
632,6310,9.842843,0.244702802,0.273310,3.658851
633,6320,9.856857,0.246012646,0.272663,3.667527
634,6330,9.870871,0.247329501,0.272018,3.676223
635,6340,9.884885,0.248653405,0.271375,3.684940
636,6350,9.898899,0.249984396,0.270733,3.693677
637,6360,9.912913,0.251322511,0.270092,3.702436
638,6370,9.926927,0.252667789,0.269454,3.711215
639,6380,9.940941,0.254020268,0.268816,3.720014
640,6390,9.954955,0.255379986,0.268180,3.728835
641,6400,9.968969,0.256746983,0.267546,3.737677
642,6410,9.982983,0.258121297,0.266913,3.746539
643,6420,9.996997,0.259502967,0.266282,3.755423
644,6430,10.011011,0.260949929,0.265626,3.764698
645,6440,10.025025,0.262420839,0.264964,3.774098
646,6450,10.039039,0.263900041,0.264304,3.783520
647,6460,10.053053,0.265387580,0.263646,3.792967
648,6470,10.067067,0.266883505,0.262989,3.802437
649,6480,10.081081,0.268387861,0.262334,3.811931
650,6490,10.095095,0.269900697,0.261681,3.821448
651,6500,10.109109,0.271422061,0.261029,3.830989
652,6510,10.123123,0.272952000,0.260379,3.840554
653,6520,10.137137,0.274490563,0.259731,3.850143
654,6530,10.151151,0.276037799,0.259084,3.859756
655,6540,10.165165,0.277593756,0.258438,3.869393
656,6550,10.179179,0.279158483,0.257795,3.879053
657,6560,10.193193,0.280732031,0.257153,3.888738
658,6570,10.207207,0.282314448,0.256512,3.898448
659,6580,10.221221,0.283905785,0.255874,3.908181
660,6590,10.235235,0.285506092,0.255236,3.917939
661,6600,10.249249,0.287115419,0.254601,3.927721
662,6610,10.263263,0.288733818,0.253967,3.937527
663,6620,10.277277,0.290361339,0.253334,3.947358
664,6630,10.291291,0.291998034,0.252703,3.957214
665,6640,10.305305,0.293643955,0.252074,3.967094
666,6650,10.319319,0.295299154,0.251446,3.976999
667,6660,10.333333,0.296963682,0.250820,3.986928
668,6670,10.347347,0.298637593,0.250195,3.996882
669,6680,10.361361,0.300320940,0.249572,4.006862
670,6690,10.375375,0.302013775,0.248950,4.016866
671,6700,10.389389,0.303716152,0.248330,4.026895
672,6710,10.403403,0.305428125,0.247712,4.036949
673,6720,10.417417,0.307149748,0.247095,4.047028
674,6730,10.431431,0.308881075,0.246480,4.057132
675,6740,10.445445,0.310622162,0.245866,4.067262
676,6750,10.459459,0.312373062,0.245253,4.077417
677,6760,10.473473,0.314133832,0.244643,4.087597
678,6770,10.487487,0.315904527,0.244033,4.097803
679,6780,10.501502,0.317685203,0.243425,4.108034
680,6790,10.515516,0.319475916,0.242819,4.118290
681,6800,10.529530,0.321276723,0.242214,4.128573
682,6810,10.543544,0.323087680,0.241611,4.138881
683,6820,10.557558,0.324908846,0.241009,4.149214
684,6830,10.571572,0.326740277,0.240409,4.159574
685,6840,10.585586,0.328582031,0.239810,4.169959
686,6850,10.599600,0.330434167,0.239213,4.180371
687,6860,10.613614,0.332296743,0.238617,4.190808
688,6870,10.627628,0.334169818,0.238023,4.201271
689,6880,10.641642,0.336053451,0.237430,4.211761
690,6890,10.655656,0.337947701,0.236839,4.222276
691,6900,10.669670,0.339852629,0.236249,4.232818
692,6910,10.683684,0.341768294,0.235661,4.243386
693,6920,10.697698,0.343694758,0.235074,4.253981
694,6930,10.711712,0.345632080,0.234488,4.264602
695,6940,10.725726,0.347580323,0.233904,4.275250
696,6950,10.739740,0.349539548,0.233322,4.285924
697,6960,10.753754,0.351509816,0.232741,4.296625
698,6970,10.767768,0.353491190,0.232161,4.307352
699,6980,10.781782,0.355483732,0.231583,4.318107
700,6990,10.795796,0.357487507,0.231006,4.328888
701,7000,10.809810,0.359502575,0.230431,4.339696
702,7010,10.823824,0.361529003,0.229857,4.350531
703,7020,10.837838,0.363566852,0.229285,4.361393
704,7030,10.851852,0.365616189,0.228714,4.372282
705,7040,10.865866,0.367677077,0.228144,4.383199
706,7050,10.879880,0.369749582,0.227576,4.394142
707,7060,10.893894,0.371833770,0.227009,4.405113
708,7070,10.907908,0.373929705,0.226444,4.416112
709,7080,10.921922,0.376037454,0.225880,4.427138
710,7090,10.935936,0.378157085,0.225317,4.438191
711,7100,10.949950,0.380288663,0.224756,4.449272
712,7110,10.963964,0.382432256,0.224196,4.460381
713,7120,10.977978,0.384587932,0.223638,4.471517
714,7130,10.991992,0.386755760,0.223081,4.482681
715,7140,11.006006,0.388977912,0.222514,4.494089
716,7150,11.020020,0.391269302,0.221935,4.505815
717,7160,11.034034,0.393574190,0.221358,4.517571
718,7170,11.048048,0.395892656,0.220782,4.529357
719,7180,11.062062,0.398224779,0.220207,4.541175
720,7190,11.076076,0.400570640,0.219634,4.553023
721,7200,11.090090,0.402930321,0.219063,4.564902
722,7210,11.104104,0.405303902,0.218493,4.576812
723,7220,11.118118,0.407691465,0.217924,4.588754
724,7230,11.132132,0.410093092,0.217357,4.600726
725,7240,11.146146,0.412508868,0.216791,4.612730
726,7250,11.160160,0.414938874,0.216227,4.624765
727,7260,11.174174,0.417383194,0.215665,4.636831
728,7270,11.188188,0.419841914,0.215103,4.648929
729,7280,11.202202,0.422315118,0.214544,4.661058
730,7290,11.216216,0.424802890,0.213985,4.673219
731,7300,11.230230,0.427305318,0.213428,4.685412
732,7310,11.244244,0.429822487,0.212873,4.697637
733,7320,11.258258,0.432354484,0.212319,4.709893
734,7330,11.272272,0.434901397,0.211767,4.722182
735,7340,11.286286,0.437463313,0.211215,4.734502
736,7350,11.300300,0.440040320,0.210666,4.746855
737,7360,11.314314,0.442632509,0.210118,4.759240
738,7370,11.328328,0.445239967,0.209571,4.771657
739,7380,11.342342,0.447862785,0.209025,4.784107
740,7390,11.356356,0.450501054,0.208481,4.796589
741,7400,11.370370,0.453154864,0.207939,4.809104
742,7410,11.384384,0.455824308,0.207398,4.821651
743,7420,11.398398,0.458509476,0.206858,4.834231
744,7430,11.412412,0.461210463,0.206320,4.846844
745,7440,11.426426,0.463927360,0.205783,4.859490
746,7450,11.440440,0.466660262,0.205247,4.872168
747,7460,11.454454,0.469409263,0.204713,4.884880
748,7470,11.468468,0.472174458,0.204181,4.897625
749,7480,11.482482,0.474955942,0.203649,4.910404
750,7490,11.496496,0.477753811,0.203119,4.923215
751,7500,11.510511,0.480568162,0.202591,4.936060
752,7510,11.524525,0.483399091,0.202064,4.948939
753,7520,11.538539,0.486246697,0.201538,4.961851
754,7530,11.552553,0.489111078,0.201013,4.974797
755,7540,11.566567,0.491992332,0.200490,4.987777
756,7550,11.580581,0.494890559,0.199968,5.000790
757,7560,11.594595,0.497805859,0.199448,5.013838
758,7570,11.608609,0.500738332,0.198929,5.026919
759,7580,11.622623,0.503688080,0.198411,5.040035
760,7590,11.636637,0.506655205,0.197895,5.053184
761,7600,11.650651,0.509639808,0.197380,5.066369
762,7610,11.664665,0.512641992,0.196866,5.079587
763,7620,11.678679,0.515661862,0.196354,5.092840
764,7630,11.692693,0.518699522,0.195843,5.106128
765,7640,11.706707,0.521755076,0.195333,5.119450
766,7650,11.720721,0.524828629,0.194825,5.132807
767,7660,11.734735,0.527920288,0.194318,5.146199
768,7670,11.748749,0.531030159,0.193813,5.159626
769,7680,11.762763,0.534158350,0.193308,5.173088
770,7690,11.776777,0.537304969,0.192805,5.186585
771,7700,11.790791,0.540470123,0.192303,5.200117
772,7710,11.804805,0.543653923,0.191803,5.213684
773,7720,11.818819,0.546856478,0.191304,5.227287
774,7730,11.832833,0.550077899,0.190806,5.240926
775,7740,11.846847,0.553318296,0.190309,5.254600
776,7750,11.860861,0.556577782,0.189814,5.268309
777,7760,11.874875,0.559856469,0.189320,5.282055
778,7770,11.888889,0.563154470,0.188828,5.295836
779,7780,11.902903,0.566471898,0.188336,5.309653
780,7790,11.916917,0.569808870,0.187846,5.323507
781,7800,11.930931,0.573165498,0.187357,5.337396
782,7810,11.944945,0.576541900,0.186870,5.351322
783,7820,11.958959,0.579938191,0.186383,5.365284
784,7830,11.972973,0.583354489,0.185898,5.379282
785,7840,11.986987,0.586790912,0.185415,5.393317
786,7850,12.001001,0.590262429,0.184930,5.407449
787,7860,12.015015,0.593948713,0.184420,5.422405
788,7870,12.029029,0.597658019,0.183911,5.437402
789,7880,12.043043,0.601390490,0.183404,5.452440
790,7890,12.057057,0.605146271,0.182898,5.467521
791,7900,12.071071,0.608925507,0.182394,5.482642
792,7910,12.085085,0.612728346,0.181891,5.497806
793,7920,12.099099,0.616554933,0.181389,5.513012
794,7930,12.113113,0.620405419,0.180889,5.528259
795,7940,12.127127,0.624279951,0.180390,5.543549
796,7950,12.141141,0.628178680,0.179892,5.558881
797,7960,12.155155,0.632101758,0.179396,5.574256
798,7970,12.169169,0.636049336,0.178901,5.589673
799,7980,12.183183,0.640021567,0.178408,5.605133
800,7990,12.197197,0.644018605,0.177916,5.620635
801,8000,12.211211,0.648040605,0.177425,5.636180
802,8010,12.225225,0.652087724,0.176936,5.651769
803,8020,12.239239,0.656160117,0.176448,5.667400
804,8030,12.253253,0.660257943,0.175961,5.683075
805,8040,12.267267,0.664381361,0.175476,5.698793
806,8050,12.281281,0.668530530,0.174992,5.714554
807,8060,12.295295,0.672705611,0.174509,5.730359
808,8070,12.309309,0.676906767,0.174028,5.746208
809,8080,12.323323,0.681134159,0.173548,5.762101
810,8090,12.337337,0.685387952,0.173069,5.778037
811,8100,12.351351,0.689668311,0.172592,5.794018
812,8110,12.365365,0.693975401,0.172116,5.810043
813,8120,12.379379,0.698309390,0.171641,5.826112
814,8130,12.393393,0.702670445,0.171168,5.842225
815,8140,12.407407,0.707058735,0.170696,5.858384
816,8150,12.421421,0.711474432,0.170225,5.874587
817,8160,12.435435,0.715917704,0.169755,5.890834
818,8170,12.449449,0.720388726,0.169287,5.907127
819,8180,12.463463,0.724887671,0.168820,5.923464
820,8190,12.477477,0.729414711,0.168354,5.939847
821,8200,12.491491,0.733970024,0.167890,5.956276
822,8210,12.505506,0.738553786,0.167427,5.972749
823,8220,12.519520,0.743166174,0.166965,5.989268
824,8230,12.533534,0.747807367,0.166505,6.005833
825,8240,12.547548,0.752477545,0.166046,6.022444
826,8250,12.561562,0.757176889,0.165588,6.039100
827,8260,12.575576,0.761905581,0.165131,6.055803
828,8270,12.589590,0.766663805,0.164675,6.072552
829,8280,12.603604,0.771451744,0.164221,6.089347
830,8290,12.617618,0.776269585,0.163768,6.106189
831,8300,12.631632,0.781117514,0.163317,6.123077
832,8310,12.645646,0.785995720,0.162866,6.140012
833,8320,12.659660,0.790904390,0.162417,6.156994
834,8330,12.673674,0.795843716,0.161969,6.174023
835,8340,12.687688,0.800813889,0.161522,6.191098
836,8350,12.701702,0.805815101,0.161077,6.208222
837,8360,12.715716,0.810847547,0.160632,6.225392
838,8370,12.729730,0.815911421,0.160189,6.242610
839,8380,12.743744,0.821006920,0.159748,6.259875
840,8390,12.757758,0.826134241,0.159307,6.277189
841,8400,12.771772,0.831293583,0.158868,6.294550
842,8410,12.785786,0.836485146,0.158429,6.311959
843,8420,12.799800,0.841709131,0.157992,6.329416
844,8430,12.813814,0.846965741,0.157557,6.346922
845,8440,12.827828,0.852255179,0.157122,6.364476
846,8450,12.841842,0.857577650,0.156689,6.382079
847,8460,12.855856,0.862933361,0.156257,6.399730
848,8470,12.869870,0.868322520,0.155826,6.417430
849,8480,12.883884,0.873745334,0.155396,6.435179
850,8490,12.897898,0.879202015,0.154967,6.452977
851,8500,12.911912,0.884692774,0.154540,6.470825
852,8510,12.925926,0.890217824,0.154114,6.488721
853,8520,12.939940,0.895777378,0.153689,6.506668
854,8530,12.953954,0.901371653,0.153265,6.524664
855,8540,12.967968,0.907000865,0.152842,6.542709
856,8550,12.981982,0.912665232,0.152420,6.560805
857,8560,12.995996,0.918364974,0.152000,6.578950
858,8570,13.010010,0.924262824,0.151569,6.597661
859,8580,13.024024,0.930263982,0.151134,6.616631
860,8590,13.038038,0.936304105,0.150701,6.635656
861,8600,13.052052,0.942383446,0.150269,6.654735
862,8610,13.066066,0.948502259,0.149838,6.673869
863,8620,13.080080,0.954660802,0.149409,6.693058
864,8630,13.094094,0.960859331,0.148980,6.712303
865,8640,13.108108,0.967098107,0.148553,6.731603
866,8650,13.122122,0.973377390,0.148127,6.750958
867,8660,13.136136,0.979697445,0.147702,6.770369
868,8670,13.150150,0.986058535,0.147279,6.789835
869,8680,13.164164,0.992460927,0.146857,6.809358
870,8690,13.178178,0.998904889,0.146436,6.828937
871,8700,13.192192,1.005390691,0.146016,6.848572
872,8710,13.206206,1.011918605,0.145597,6.868264
873,8720,13.220220,1.018488904,0.145180,6.888012
874,8730,13.234234,1.025101864,0.144764,6.907817
875,8740,13.248248,1.031757761,0.144348,6.927679
876,8750,13.262262,1.038456874,0.143935,6.947598
877,8760,13.276276,1.045199484,0.143522,6.967574
878,8770,13.290290,1.051985873,0.143110,6.987608
879,8780,13.304304,1.058816325,0.142700,7.007699
880,8790,13.318318,1.065691127,0.142291,7.027848
881,8800,13.332332,1.072610567,0.141883,7.048055
882,8810,13.346346,1.079574933,0.141476,7.068320
883,8820,13.360360,1.086584519,0.141071,7.088644
884,8830,13.374374,1.093639618,0.140666,7.109025
885,8840,13.388388,1.100740524,0.140263,7.129466
886,8850,13.402402,1.107887536,0.139861,7.149965
887,8860,13.416416,1.115080953,0.139460,7.170523
888,8870,13.430430,1.122321077,0.139060,7.191141
889,8880,13.444444,1.129608210,0.138661,7.211817
890,8890,13.458458,1.136942657,0.138264,7.232553
891,8900,13.472472,1.144324726,0.137867,7.253349
892,8910,13.486486,1.151754727,0.137472,7.274204
893,8920,13.500501,1.159232970,0.137078,7.295120
894,8930,13.514515,1.166759768,0.136685,7.316095
895,8940,13.528529,1.174335438,0.136293,7.337131
896,8950,13.542543,1.181960295,0.135902,7.358227
897,8960,13.556557,1.189634660,0.135513,7.379384
898,8970,13.570571,1.197358854,0.135124,7.400602
899,8980,13.584585,1.205133201,0.134737,7.421881
900,8990,13.598599,1.212958025,0.134350,7.443221
901,9000,13.612613,1.220833656,0.133965,7.464622
902,9010,13.626627,1.228760422,0.133581,7.486085
903,9020,13.640641,1.236738656,0.133198,7.507610
904,9030,13.654655,1.244768693,0.132816,7.529196
905,9040,13.668669,1.252850867,0.132436,7.550845
906,9050,13.682683,1.260985518,0.132056,7.572555
907,9060,13.696697,1.269172987,0.131677,7.594329
908,9070,13.710711,1.277413617,0.131300,7.616164
909,9080,13.724725,1.285707752,0.130923,7.638063
910,9090,13.738739,1.294055740,0.130548,7.660025
911,9100,13.752753,1.302457931,0.130174,7.682049
912,9110,13.766767,1.310914677,0.129800,7.704137
913,9120,13.780781,1.319426331,0.129428,7.726289
914,9130,13.794795,1.327993251,0.129057,7.748504
915,9140,13.808809,1.336615795,0.128687,7.770783
916,9150,13.822823,1.345294325,0.128318,7.793126
917,9160,13.836837,1.354029204,0.127950,7.815534
918,9170,13.850851,1.362820797,0.127583,7.838006
919,9180,13.864865,1.371669474,0.127218,7.860542
920,9190,13.878879,1.380575604,0.126853,7.883143
921,9200,13.892893,1.389539561,0.126489,7.905810
922,9210,13.906907,1.398561720,0.126127,7.928541
923,9220,13.920921,1.407642459,0.125765,7.951338
924,9230,13.934935,1.416782159,0.125404,7.974200
925,9240,13.948949,1.425981201,0.125045,7.997128
926,9250,13.962963,1.435239973,0.124686,8.020122
927,9260,13.976977,1.444558861,0.124329,8.043182
928,9270,13.990991,1.453938255,0.123972,8.066309
929,9280,14.005005,1.463513374,0.123612,8.089832
930,9290,14.019019,1.473395863,0.123243,8.114021
931,9300,14.033033,1.483345085,0.122876,8.138283
932,9310,14.047047,1.493361490,0.122510,8.162617
933,9320,14.061061,1.503445531,0.122145,8.187023
934,9330,14.075075,1.513597666,0.121780,8.211503
935,9340,14.089089,1.523818354,0.121417,8.236056
936,9350,14.103103,1.534108058,0.121055,8.260682
937,9360,14.117117,1.544467244,0.120694,8.285382
938,9370,14.131131,1.554896381,0.120335,8.310156
939,9380,14.145145,1.565395941,0.119976,8.335003
940,9390,14.159159,1.575966401,0.119618,8.359926
941,9400,14.173173,1.586608239,0.119262,8.384922
942,9410,14.187187,1.597321936,0.118906,8.409994
943,9420,14.201201,1.608107979,0.118552,8.435140
944,9430,14.215215,1.618966855,0.118198,8.460361
945,9440,14.229229,1.629899056,0.117846,8.485658
946,9450,14.243243,1.640905079,0.117495,8.511031
947,9460,14.257257,1.651985420,0.117144,8.536479
948,9470,14.271271,1.663140582,0.116795,8.562004
949,9480,14.285285,1.674371070,0.116447,8.587605
950,9490,14.299299,1.685677393,0.116100,8.613282
951,9500,14.313313,1.697060063,0.115754,8.639036
952,9510,14.327327,1.708519595,0.115409,8.664868
953,9520,14.341341,1.720056508,0.115065,8.690776
954,9530,14.355355,1.731671326,0.114722,8.716762
955,9540,14.369369,1.743364573,0.114380,8.742825
956,9550,14.383383,1.755136780,0.114039,8.768967
957,9560,14.397397,1.766988480,0.113699,8.795187
958,9570,14.411411,1.778920209,0.113360,8.821485
959,9580,14.425425,1.790932508,0.113022,8.847861
960,9590,14.439439,1.803025922,0.112685,8.874317
961,9600,14.453453,1.815200997,0.112349,8.900852
962,9610,14.467467,1.827458285,0.112014,8.927466
963,9620,14.481481,1.839798341,0.111680,8.954159
964,9630,14.495495,1.852221725,0.111347,8.980933
965,9640,14.509510,1.864728998,0.111015,9.007786
966,9650,14.523524,1.877320728,0.110684,9.034720
967,9660,14.537538,1.889997485,0.110354,9.061734
968,9670,14.551552,1.902759842,0.110025,9.088829
969,9680,14.565566,1.915608378,0.109697,9.116005
970,9690,14.579580,1.928543675,0.109370,9.143263
971,9700,14.593594,1.941566319,0.109044,9.170602
972,9710,14.607608,1.954676898,0.108719,9.198022
973,9720,14.621622,1.967876009,0.108395,9.225525
974,9730,14.635636,1.981164247,0.108072,9.253110
975,9740,14.649650,1.994542215,0.107750,9.280777
976,9750,14.663664,2.008010519,0.107428,9.308527
977,9760,14.677678,2.021569768,0.107108,9.336360
978,9770,14.691692,2.035220578,0.106789,9.364276
979,9780,14.705706,2.048963566,0.106470,9.392276
980,9790,14.719720,2.062799354,0.106153,9.420359
981,9800,14.733734,2.076728570,0.105837,9.448527
982,9810,14.747748,2.090751843,0.105521,9.476778
983,9820,14.761762,2.104869810,0.105207,9.505114
984,9830,14.775776,2.119083110,0.104893,9.533535
985,9840,14.789790,2.133392386,0.104580,9.562041
986,9850,14.803804,2.147798287,0.104268,9.590632
987,9860,14.817818,2.162301464,0.103958,9.619309
988,9870,14.831832,2.176902576,0.103648,9.648071
989,9880,14.845846,2.191602282,0.103339,9.676919
990,9890,14.859860,2.206401250,0.103031,9.705854
991,9900,14.873874,2.221300149,0.102723,9.734875
992,9910,14.887888,2.236299653,0.102417,9.763982
993,9920,14.901902,2.251400443,0.102112,9.793177
994,9930,14.915916,2.266603203,0.101807,9.822459
995,9940,14.929930,2.281908620,0.101504,9.851829
996,9950,14.943944,2.297317388,0.101201,9.881287
997,9960,14.957958,2.312830205,0.100900,9.910832
998,9970,14.971972,2.328447774,0.100599,9.940466
999,9980,14.985986,2.344170801,0.100299,9.970189
1000,9990,15.000000,2.360000000,0.100000,10.000000
